<?xml version="1.1" encoding="iso-8859-1"?>
<install type="module" version="1.5.0">
    <name>Yt Sobi2 Slideshow</name>
    <creationDate>August 2010</creationDate>
    <author>YouTech Company</author>
    <copyright>(C) 2010 YouTech Company</copyright>
	<license>http://www.gnu.org/licenses/gpl-2.0.html GNU/GPL</license>
    <authorEmail>contact@ytcvn.com</authorEmail>
    <authorUrl>http://www.ytcvn.com</authorUrl>
    <version>1.1</version>
    <description>YT_SOBI2SLIDESHOW_DESC</description>
    <files>
         <filename module="mod_yt_sobi2slideshow">mod_yt_sobi2slideshow.php</filename>
         <filename module="mod_yt_sobi2slideshow">mod_yt_sobi2slideshow.xml</filename>
         <filename module="mod_yt_sobi2slideshow">helper.php</filename>         
         <folder module="mod_yt_sobi2slideshow">assets</folder>
         <folder module="mod_yt_sobi2slideshow">tmpl</folder>
         <folder module="mod_yt_sobi2slideshow">elements</folder>
    </files>
	<languages>
		<language tag="en-GB">en-GB.mod_yt_sobi2slideshow.ini</language>
	</languages>
   <params addpath="/modules/mod_yt_sobi2slideshow/elements">   		
		<param name="@spacer1" type="spacer" default="&lt;div style=&quot;font-family:arial;font-size:15px;color:#fff; text-shadow:1px 1px 1px #333;padding:7px;margin:0;background:#0D9FC4;&quot;&gt;General Settings&lt;/div&gt;" />

   		<param name="moduleclass_sfx" type="text" default="" label="Module Class Suffix" description="PARAMMODULECLASSSUFFIX" />
   		<!-- Group 1: Article Filter -->
        <param name="showtype" type="list" default="0" label="Item Type" description="">
			<option value="0">Category</option>
			<option value="1">Item Ids</option>			
		</param>		
		
		<param name="itemIds" type="text" default="" label="Item Ids"  description="List of items. This only supports  Item Ids Type. Syntax: 1,4,6" size="70" />     
   		<param name="category" type="sobi2category" default="0" label="Select Categories" description="Please categories for your module" />
   		
   		<param name="sort_order_field" type="list" default="created" label="Sort Order By" description="SORT ORDER BY FIELD">
            <option value="publish_up">Recently Added First</option>
            <option value="last_update">Recently Modified First</option>
            <option value="ordering">Ordering </option>
            <option value="hits">Hits</option>
            <option value="title">Title</option>						
            <option value="random">Random</option>
        </param>				
		<param name="total" type="text" default="6" label="The Amount of Articles" description="The amount of articles which you want to show in the module" />
		<param name="start" type="text" default="1" label="Article Start" description="The item which you want to show it at the first time. The value is from 1 to the total of articles" />
		<param name="auto_play" type="list" default="1" label="Auto play" description="Set for slideshow auto play or not.">
			<option value="1">Yes</option>
			<option value="0">No</option>			
		</param>
		<!-- Group 2: For title and link -->
		<param name="@spacer2" type="spacer" default="&lt;div style=&quot;font-family:arial;font-size:15px;color:#fff; text-shadow:1px 1px 1px #333;padding:7px;margin:0;background:#0D9FC4;&quot;&gt;Title Options and Link Options&lt;/div&gt;" />
		<param name="limittitle" type="text" default="25" label="Max Length of Title" description="Max length of title" />
		<param name="target" type="list" default="_self" label="Open Link" description="The Type shows when you click on the link">
			<option value="_blank">New Window</option>
			<option value="_self">Same Window</option>					
		</param>
		
		<param name="link_caption" type="list" default="1" label="Link for title" description="link for caption">
			<option value="1">Yes</option>
			<option value="0">No</option>			
		</param>
		
		<param name="link_image" type="list" default="0" label="Link for image" description="Link for image">
			<option value="1">Yes</option>
			<option value="0">No</option>			
		</param>
		
		<param name="customUrl" type="textarea" cols="50" rows="5" default="" label="Custom URL"  description="Custom url of items. This only supports  Item Ids Type. Syntax: &lt;br/&gt; id1:url1 &lt;br/&gt; id2:url2 &lt;br/&gt; ..." />
		
		<param name="@spacer3" type="spacer" default="&lt;div style=&quot;font-family:arial;font-size:15px;color:#fff; text-shadow:1px 1px 1px #333;padding:7px;margin:0;background:#0D9FC4;&quot;&gt;Image Options&lt;/div&gt;" />
		<!-- Group 3: For Images -->						
		<param name="thumb_width" type="text" default="940" label="Thumbnail Width" description="The width of thumbnail image. The module will auto resize your image to your width" />
		<param name="thumb_height" type="text" default="450" label="Thumbnail Height" description="The height of thumbnail image. The module will auto resize your image to your height" />
		
		<param name="cropresizeimage" type="list" default="0" label="Thumbnail Mode" description="Thumbnail Mode">
			<option value="0">Using Resize</option>
			<option value="1">Using Crop</option>
		</param>
		
		<param name="@spacer4" type="spacer" default="&lt;div style=&quot;font-family:arial;font-size:15px;color:#fff; text-shadow:1px 1px 1px #333;padding:7px;margin:0;background:#0D9FC4;&quot;&gt;Effect Options&lt;/div&gt;" />
		<!-- Group 4: Effect -->		
		<param name="play" type="list" default="1" label="Stop when hover" description="Stop when hover">
			<option value="1">Yes</option>
			<option value="0">No</option>
		</param>
		<param name="slideshow_speed" type="text" default="800" label="Slideshow speed" description="Speed of slideshow. Larger = Slower" />		
		<param name="timer_speed" type="text" default="4000" label="Timer speed" description="Speed of Timer. Larger = Slower" />
		<param name="@spacer5" type="spacer" default="&lt;div style=&quot;font-family:arial;font-size:15px;color:#fff; text-shadow:1px 1px 1px #333;padding:7px;margin:0;background:#0D9FC4;&quot;&gt;Themes and layouts&lt;/div&gt;" />
		<!-- Group 5: Themes and layouts -->
		<param name="theme" type="list" default="theme2" label="Select a theme" description="Please select a theme for the module">
			<option value="theme1">theme1</option>
			<option value="theme2">theme2</option>
			<option value="theme3">theme3</option>
			<option value="theme4">theme4</option>			
		</param>
		<param name="effect" type="list" default="default" label="Select an Effect" description="Please select an Effect for the module">
			<option value="fade">Fade</option>
			<option value="fadeZoom">Fade Zoom</option>
			<option value="zoom">Zoom</option>
			<option value="shuffle">Shuffle</option>
			<option value="toss">Toss</option>
			<option value="wipe">Wipe</option>
			<option value="cover">Cover</option>
			<option value="uncover">Uncover</option>
			<option value="blindX">Blind X</option>
			<option value="blindY">Blind Y</option>
			<option value="blindZ">Blind Z</option>
			<option value="growY">Grow Y</option>
			<option value="curtainX">Curtain X</option>
			<option value="curtainY">Curtain Y</option>
			<option value="slideX">Slide X</option>
			<option value="slideY">Slide Y</option>
			<option value="turnUp">Turn Up</option>
			<option value="turnDown">Turn Down</option>
			<option value="turnLeft">Turn Left</option>
			<option value="turnRight">Turn Right</option>
			<option value="scrollRight">Scroll Right</option>
			<option value="scrollLeft">Scroll Left</option>
			<option value="scrollUp">Scroll Up</option>
			<option value="scrollDown">Scroll Down</option>
			<option value="all">Random</option>
		</param>
		
		<param name="background" type="text" default="#000000" label="Caption Background" description="The background for the module" />
		<param name="title_color" type="text" default="#FFFFFF" label="Caption Color" description="Please enter a color for the Caption . Example: #FFFFFF" />
		<param name="prenext_show" type="list" default="1" label="Show Previous and Next Button" description="Show Previous and Next Button">
			<option value="1">Yes</option>
			<option value="0">No</option>
		</param>
		<param name="caption_show" type="list" default="1" label="Show Title" description="Show title or not">
			<option value="1">Yes</option>
			<option value="0">No</option>
		</param>
		<param name="@spacer6" type="spacer" default="&lt;div style=&quot;font-family:arial;font-size:15px;color:#fff; text-shadow:1px 1px 1px #333;padding:7px;margin:0;background:#0D9FC4;&quot;&gt;Using Thumbnail Theme Options&lt;/div&gt;" />		
		<param name="show_description" type="list" default="1" label="Show Intro Text" description="Show Intro Text">
			<option value="1">Yes</option>
			<option value="0">No</option>			
		</param>
		<param name="show_readmore" type="list" default="1" label="Show Read More Link" description="Show Read More Link">
			<option value="1">Yes</option>
			<option value="0">No</option>			
		</param>
		<param name="limit_description" type="text" default="120" label="Max Length of Description" description="Max length of Description" />
		<param name="description_color" type="text" default="#FFFFFF" label="Description Color" description="Please enter a color for the description. Example: #FFFFFF" />
   </params>
   
   <params group="advanced">
		<param name="cache" type="list" default="0" label="Caching" description="Caching">
			<option value="1">Use Cache</option>
			<option value="0">Do not use Cache</option>
		</param>
		<param name="jquery" type="radio" default="1" label="Include jQuery Library" description="Include jQuery Library">
			<option value="1">Yes</option>
			<option value="0">No</option>						
        </param>
		<param name="cache_time" type="text" default="300" label="Cache time" description="Cache time" />		
		<param name="note" type="textarea" cols="50" rows="10" default="" label="Note" description=""/>
	</params>
</install>

